output/dixie/output/image_vectors/chinet336.jpg.npy,11
output/dixie/output/image_vectors/hefty538.jpg.npy,17
output/dixie/output/image_vectors/hefty274.jpg.npy,5
output/dixie/output/image_vectors/hefty321.jpg.npy,7
output/dixie/output/image_vectors/chinet243.jpg.npy,4
output/dixie/output/image_vectors/hefty437.jpg.npy,12
output/dixie/output/image_vectors/dixie-paper-products22.jpg.npy,4
output/dixie/output/image_vectors/hefty162.jpg.npy,17
output/dixie/output/image_vectors/chinet341.jpg.npy,2
output/dixie/output/image_vectors/chinet186.jpg.npy,7
output/dixie/output/image_vectors/dixie-paper-products69.jpg.npy,4
output/dixie/output/image_vectors/hefty301.jpg.npy,10
output/dixie/output/image_vectors/hefty512.jpg.npy,10
output/dixie/output/image_vectors/chinet378.jpg.npy,17
output/dixie/output/image_vectors/hefty237.jpg.npy,1
output/dixie/output/image_vectors/hefty546.jpg.npy,17
output/dixie/output/image_vectors/hefty76.jpg.npy,17
output/dixie/output/image_vectors/chinet382.jpg.npy,3
output/dixie/output/image_vectors/hefty511.jpg.npy,10
output/dixie/output/image_vectors/hefty234.jpg.npy,13
output/dixie/output/image_vectors/hefty1.jpg.npy,19
output/dixie/output/image_vectors/hefty260.jpg.npy,17
output/dixie/output/image_vectors/chinet224.jpg.npy,10
output/dixie/output/image_vectors/hefty264.jpg.npy,5
output/dixie/output/image_vectors/hefty518.jpg.npy,10
output/dixie/output/image_vectors/dixie-paper-products81.jpg.npy,17
output/dixie/output/image_vectors/chinet208.jpg.npy,4
output/dixie/output/image_vectors/hefty540.jpg.npy,17
output/dixie/output/image_vectors/chinet214.jpg.npy,1
output/dixie/output/image_vectors/hefty112.jpg.npy,0
output/dixie/output/image_vectors/chinet333.jpg.npy,10
output/dixie/output/image_vectors/chinet191.jpg.npy,7
output/dixie/output/image_vectors/hefty326.jpg.npy,8
output/dixie/output/image_vectors/hefty147.jpg.npy,13
output/dixie/output/image_vectors/dixie-paper-products66.jpg.npy,1
output/dixie/output/image_vectors/hefty311.jpg.npy,5
output/dixie/output/image_vectors/hefty81.jpg.npy,17
output/dixie/output/image_vectors/chinet77.jpg.npy,7
output/dixie/output/image_vectors/chinet8.jpg.npy,2
output/dixie/output/image_vectors/hefty194.jpg.npy,10
output/dixie/output/image_vectors/hefty203.jpg.npy,5
output/dixie/output/image_vectors/hefty468.jpg.npy,9
output/dixie/output/image_vectors/hefty174.jpg.npy,9
output/dixie/output/image_vectors/chinet277.jpg.npy,4
output/dixie/output/image_vectors/hefty75.jpg.npy,2
output/dixie/output/image_vectors/chinet168.jpg.npy,7
output/dixie/output/image_vectors/hefty491.jpg.npy,7
output/dixie/output/image_vectors/chinet18.jpg.npy,2
output/dixie/output/image_vectors/hefty59.jpg.npy,19
output/dixie/output/image_vectors/hefty479.jpg.npy,9
output/dixie/output/image_vectors/chinet416.jpg.npy,7
output/dixie/output/image_vectors/chinet347.jpg.npy,3
output/dixie/output/image_vectors/hefty394.jpg.npy,9
output/dixie/output/image_vectors/hefty355.jpg.npy,9
output/dixie/output/image_vectors/hefty261.jpg.npy,13
output/dixie/output/image_vectors/hefty315.jpg.npy,5
output/dixie/output/image_vectors/chinet296.jpg.npy,10
output/dixie/output/image_vectors/hefty163.jpg.npy,17
output/dixie/output/image_vectors/hefty384.jpg.npy,6
output/dixie/output/image_vectors/hefty28.jpg.npy,12
output/dixie/output/image_vectors/dixie-paper-products19.jpg.npy,4
output/dixie/output/image_vectors/hefty370.jpg.npy,16
output/dixie/output/image_vectors/hefty349.jpg.npy,9
output/dixie/output/image_vectors/hefty152.jpg.npy,17
output/dixie/output/image_vectors/chinet176.jpg.npy,7
output/dixie/output/image_vectors/hefty256.jpg.npy,7
output/dixie/output/image_vectors/dixie-paper-products85.jpg.npy,2
output/dixie/output/image_vectors/chinet46.jpg.npy,3
output/dixie/output/image_vectors/hefty396.jpg.npy,12
output/dixie/output/image_vectors/chinet300.jpg.npy,7
output/dixie/output/image_vectors/chinet147.jpg.npy,2
output/dixie/output/image_vectors/chinet36.jpg.npy,3
output/dixie/output/image_vectors/dixie-paper-products51.jpg.npy,1
output/dixie/output/image_vectors/hefty16.jpg.npy,8
output/dixie/output/image_vectors/hefty263.jpg.npy,5
output/dixie/output/image_vectors/hefty521.jpg.npy,1
output/dixie/output/image_vectors/hefty492.jpg.npy,7
output/dixie/output/image_vectors/hefty324.jpg.npy,16
output/dixie/output/image_vectors/hefty385.jpg.npy,5
output/dixie/output/image_vectors/dixie-paper-products57.jpg.npy,12
output/dixie/output/image_vectors/dixie-paper-products16.jpg.npy,4
output/dixie/output/image_vectors/hefty23.jpg.npy,11
output/dixie/output/image_vectors/chinet265.jpg.npy,4
output/dixie/output/image_vectors/chinet127.jpg.npy,4
output/dixie/output/image_vectors/hefty259.jpg.npy,13
output/dixie/output/image_vectors/chinet326.jpg.npy,8
output/dixie/output/image_vectors/hefty7.jpg.npy,1
output/dixie/output/image_vectors/hefty252.jpg.npy,17
output/dixie/output/image_vectors/chinet312.jpg.npy,18
output/dixie/output/image_vectors/chinet193.jpg.npy,4
output/dixie/output/image_vectors/hefty216.jpg.npy,10
output/dixie/output/image_vectors/hefty141.jpg.npy,15
output/dixie/output/image_vectors/chinet408.jpg.npy,2
output/dixie/output/image_vectors/hefty220.jpg.npy,1
output/dixie/output/image_vectors/dixie-paper-products78.jpg.npy,3
output/dixie/output/image_vectors/chinet247.jpg.npy,7
output/dixie/output/image_vectors/hefty251.jpg.npy,17
output/dixie/output/image_vectors/chinet20.jpg.npy,0
output/dixie/output/image_vectors/chinet5.jpg.npy,14
output/dixie/output/image_vectors/chinet29.jpg.npy,2
output/dixie/output/image_vectors/hefty350.jpg.npy,9
output/dixie/output/image_vectors/chinet93.jpg.npy,8
output/dixie/output/image_vectors/hefty257.jpg.npy,5
output/dixie/output/image_vectors/chinet391.jpg.npy,8
output/dixie/output/image_vectors/hefty78.jpg.npy,17
output/dixie/output/image_vectors/hefty39.jpg.npy,17
output/dixie/output/image_vectors/dixie-paper-products45.jpg.npy,4
output/dixie/output/image_vectors/hefty300.jpg.npy,5
output/dixie/output/image_vectors/hefty155.jpg.npy,8
output/dixie/output/image_vectors/hefty361.jpg.npy,1
output/dixie/output/image_vectors/hefty48.jpg.npy,17
output/dixie/output/image_vectors/dixie-paper-products0.jpg.npy,8
output/dixie/output/image_vectors/hefty434.jpg.npy,9
output/dixie/output/image_vectors/dixie-paper-products79.jpg.npy,17
output/dixie/output/image_vectors/hefty114.jpg.npy,17
output/dixie/output/image_vectors/chinet103.jpg.npy,2
output/dixie/output/image_vectors/chinet133.jpg.npy,11
output/dixie/output/image_vectors/hefty281.jpg.npy,9
output/dixie/output/image_vectors/hefty127.jpg.npy,1
output/dixie/output/image_vectors/hefty116.jpg.npy,15
output/dixie/output/image_vectors/hefty416.jpg.npy,7
output/dixie/output/image_vectors/chinet104.jpg.npy,4
output/dixie/output/image_vectors/dixie-paper-products2.jpg.npy,0
output/dixie/output/image_vectors/hefty532.jpg.npy,1
output/dixie/output/image_vectors/hefty428.jpg.npy,7
output/dixie/output/image_vectors/chinet13.jpg.npy,7
output/dixie/output/image_vectors/chinet346.jpg.npy,10
output/dixie/output/image_vectors/hefty58.jpg.npy,8
output/dixie/output/image_vectors/hefty282.jpg.npy,8
output/dixie/output/image_vectors/chinet207.jpg.npy,3
output/dixie/output/image_vectors/hefty506.jpg.npy,7
output/dixie/output/image_vectors/hefty527.jpg.npy,1
output/dixie/output/image_vectors/hefty414.jpg.npy,6
output/dixie/output/image_vectors/hefty381.jpg.npy,7
output/dixie/output/image_vectors/dixie-paper-products86.jpg.npy,0
output/dixie/output/image_vectors/hefty90.jpg.npy,16
output/dixie/output/image_vectors/hefty121.jpg.npy,10
output/dixie/output/image_vectors/hefty146.jpg.npy,13
output/dixie/output/image_vectors/chinet414.jpg.npy,17
output/dixie/output/image_vectors/hefty63.jpg.npy,1
output/dixie/output/image_vectors/hefty129.jpg.npy,5
output/dixie/output/image_vectors/chinet124.jpg.npy,14
output/dixie/output/image_vectors/chinet97.jpg.npy,7
output/dixie/output/image_vectors/hefty105.jpg.npy,15
output/dixie/output/image_vectors/hefty197.jpg.npy,13
output/dixie/output/image_vectors/hefty209.jpg.npy,1
output/dixie/output/image_vectors/chinet252.jpg.npy,7
output/dixie/output/image_vectors/hefty459.jpg.npy,17
output/dixie/output/image_vectors/hefty223.jpg.npy,5
output/dixie/output/image_vectors/chinet12.jpg.npy,14
output/dixie/output/image_vectors/hefty280.jpg.npy,16
output/dixie/output/image_vectors/dixie-paper-products41.jpg.npy,3
output/dixie/output/image_vectors/dixie-paper-products30.jpg.npy,4
output/dixie/output/image_vectors/hefty238.jpg.npy,13
output/dixie/output/image_vectors/chinet334.jpg.npy,17
output/dixie/output/image_vectors/dixie-paper-products87.jpg.npy,0
output/dixie/output/image_vectors/hefty215.jpg.npy,5
output/dixie/output/image_vectors/hefty337.jpg.npy,16
output/dixie/output/image_vectors/chinet178.jpg.npy,14
output/dixie/output/image_vectors/hefty353.jpg.npy,9
output/dixie/output/image_vectors/chinet31.jpg.npy,14
output/dixie/output/image_vectors/hefty249.jpg.npy,17
output/dixie/output/image_vectors/chinet205.jpg.npy,3
output/dixie/output/image_vectors/chinet229.jpg.npy,2
output/dixie/output/image_vectors/hefty57.jpg.npy,11
output/dixie/output/image_vectors/hefty106.jpg.npy,5
output/dixie/output/image_vectors/chinet389.jpg.npy,8
output/dixie/output/image_vectors/hefty267.jpg.npy,11
output/dixie/output/image_vectors/chinet84.jpg.npy,2
output/dixie/output/image_vectors/chinet61.jpg.npy,2
output/dixie/output/image_vectors/hefty103.jpg.npy,15
output/dixie/output/image_vectors/chinet297.jpg.npy,10
output/dixie/output/image_vectors/hefty148.jpg.npy,1
output/dixie/output/image_vectors/chinet303.jpg.npy,3
output/dixie/output/image_vectors/chinet199.jpg.npy,2
output/dixie/output/image_vectors/chinet209.jpg.npy,7
output/dixie/output/image_vectors/hefty475.jpg.npy,7
output/dixie/output/image_vectors/chinet394.jpg.npy,1
output/dixie/output/image_vectors/hefty365.jpg.npy,9
output/dixie/output/image_vectors/hefty45.jpg.npy,5
output/dixie/output/image_vectors/hefty498.jpg.npy,10
output/dixie/output/image_vectors/hefty205.jpg.npy,6
output/dixie/output/image_vectors/chinet270.jpg.npy,4
output/dixie/output/image_vectors/hefty55.jpg.npy,12
output/dixie/output/image_vectors/chinet113.jpg.npy,3
output/dixie/output/image_vectors/hefty383.jpg.npy,5
output/dixie/output/image_vectors/chinet398.jpg.npy,6
output/dixie/output/image_vectors/chinet139.jpg.npy,10
output/dixie/output/image_vectors/chinet125.jpg.npy,7
output/dixie/output/image_vectors/hefty26.jpg.npy,5
output/dixie/output/image_vectors/hefty305.jpg.npy,5
output/dixie/output/image_vectors/chinet51.jpg.npy,10
output/dixie/output/image_vectors/hefty294.jpg.npy,1
output/dixie/output/image_vectors/chinet273.jpg.npy,4
output/dixie/output/image_vectors/hefty472.jpg.npy,9
output/dixie/output/image_vectors/hefty271.jpg.npy,7
output/dixie/output/image_vectors/hefty552.jpg.npy,7
output/dixie/output/image_vectors/chinet396.jpg.npy,10
output/dixie/output/image_vectors/dixie-paper-products11.jpg.npy,10
output/dixie/output/image_vectors/chinet131.jpg.npy,7
output/dixie/output/image_vectors/hefty265.jpg.npy,5
output/dixie/output/image_vectors/hefty219.jpg.npy,16
output/dixie/output/image_vectors/dixie-paper-products39.jpg.npy,17
output/dixie/output/image_vectors/chinet115.jpg.npy,3
output/dixie/output/image_vectors/chinet2.jpg.npy,0
output/dixie/output/image_vectors/hefty363.jpg.npy,18
output/dixie/output/image_vectors/hefty427.jpg.npy,17
output/dixie/output/image_vectors/hefty107.jpg.npy,8
output/dixie/output/image_vectors/chinet80.jpg.npy,3
output/dixie/output/image_vectors/chinet26.jpg.npy,2
output/dixie/output/image_vectors/hefty115.jpg.npy,2
output/dixie/output/image_vectors/hefty247.jpg.npy,17
output/dixie/output/image_vectors/chinet47.jpg.npy,7
output/dixie/output/image_vectors/hefty133.jpg.npy,13
output/dixie/output/image_vectors/chinet42.jpg.npy,3
output/dixie/output/image_vectors/hefty44.jpg.npy,5
output/dixie/output/image_vectors/hefty272.jpg.npy,1
output/dixie/output/image_vectors/hefty339.jpg.npy,9
output/dixie/output/image_vectors/chinet189.jpg.npy,11
output/dixie/output/image_vectors/chinet1.jpg.npy,0
output/dixie/output/image_vectors/chinet171.jpg.npy,2
output/dixie/output/image_vectors/dixie-paper-products40.jpg.npy,11
output/dixie/output/image_vectors/hefty184.jpg.npy,1
output/dixie/output/image_vectors/hefty242.jpg.npy,7
output/dixie/output/image_vectors/hefty413.jpg.npy,10
output/dixie/output/image_vectors/dixie-paper-products60.jpg.npy,9
output/dixie/output/image_vectors/hefty19.jpg.npy,10
output/dixie/output/image_vectors/chinet279.jpg.npy,2
output/dixie/output/image_vectors/hefty96.jpg.npy,16
output/dixie/output/image_vectors/hefty497.jpg.npy,17
output/dixie/output/image_vectors/dixie-paper-products77.jpg.npy,8
output/dixie/output/image_vectors/hefty429.jpg.npy,7
output/dixie/output/image_vectors/dixie-paper-products43.jpg.npy,4
output/dixie/output/image_vectors/hefty465.jpg.npy,9
output/dixie/output/image_vectors/hefty345.jpg.npy,5
output/dixie/output/image_vectors/hefty422.jpg.npy,17
output/dixie/output/image_vectors/hefty499.jpg.npy,9
output/dixie/output/image_vectors/chinet6.jpg.npy,2
output/dixie/output/image_vectors/hefty47.jpg.npy,5
output/dixie/output/image_vectors/dixie-paper-products38.jpg.npy,7
output/dixie/output/image_vectors/hefty175.jpg.npy,13
output/dixie/output/image_vectors/chinet190.jpg.npy,11
output/dixie/output/image_vectors/hefty316.jpg.npy,9
output/dixie/output/image_vectors/hefty248.jpg.npy,17
output/dixie/output/image_vectors/dixie-paper-products95.jpg.npy,7
output/dixie/output/image_vectors/dixie-paper-products56.jpg.npy,10
output/dixie/output/image_vectors/dixie-paper-products9.jpg.npy,7
output/dixie/output/image_vectors/hefty323.jpg.npy,1
output/dixie/output/image_vectors/chinet269.jpg.npy,4
output/dixie/output/image_vectors/chinet57.jpg.npy,3
output/dixie/output/image_vectors/chinet305.jpg.npy,4
output/dixie/output/image_vectors/hefty463.jpg.npy,2
output/dixie/output/image_vectors/chinet320.jpg.npy,7
output/dixie/output/image_vectors/dixie-paper-products61.jpg.npy,0
output/dixie/output/image_vectors/hefty230.jpg.npy,17
output/dixie/output/image_vectors/chinet228.jpg.npy,10
output/dixie/output/image_vectors/hefty526.jpg.npy,2
output/dixie/output/image_vectors/hefty357.jpg.npy,9
output/dixie/output/image_vectors/chinet112.jpg.npy,3
output/dixie/output/image_vectors/chinet309.jpg.npy,1
output/dixie/output/image_vectors/hefty432.jpg.npy,7
output/dixie/output/image_vectors/chinet213.jpg.npy,10
output/dixie/output/image_vectors/hefty98.jpg.npy,15
output/dixie/output/image_vectors/dixie-paper-products70.jpg.npy,4
output/dixie/output/image_vectors/hefty482.jpg.npy,10
output/dixie/output/image_vectors/hefty164.jpg.npy,17
output/dixie/output/image_vectors/chinet128.jpg.npy,2
output/dixie/output/image_vectors/hefty117.jpg.npy,2
output/dixie/output/image_vectors/hefty189.jpg.npy,7
output/dixie/output/image_vectors/hefty457.jpg.npy,17
output/dixie/output/image_vectors/hefty239.jpg.npy,16
output/dixie/output/image_vectors/chinet342.jpg.npy,7
output/dixie/output/image_vectors/hefty37.jpg.npy,11
output/dixie/output/image_vectors/hefty38.jpg.npy,17
output/dixie/output/image_vectors/hefty262.jpg.npy,13
output/dixie/output/image_vectors/hefty420.jpg.npy,10
output/dixie/output/image_vectors/chinet409.jpg.npy,2
output/dixie/output/image_vectors/hefty123.jpg.npy,9
output/dixie/output/image_vectors/hefty46.jpg.npy,12
output/dixie/output/image_vectors/chinet226.jpg.npy,14
output/dixie/output/image_vectors/hefty227.jpg.npy,7
output/dixie/output/image_vectors/chinet287.jpg.npy,4
output/dixie/output/image_vectors/hefty208.jpg.npy,7
output/dixie/output/image_vectors/hefty299.jpg.npy,0
output/dixie/output/image_vectors/chinet322.jpg.npy,8
output/dixie/output/image_vectors/hefty548.jpg.npy,10
output/dixie/output/image_vectors/hefty510.jpg.npy,1
output/dixie/output/image_vectors/chinet246.jpg.npy,7
output/dixie/output/image_vectors/hefty206.jpg.npy,6
output/dixie/output/image_vectors/chinet87.jpg.npy,0
output/dixie/output/image_vectors/hefty342.jpg.npy,9
output/dixie/output/image_vectors/chinet151.jpg.npy,10
output/dixie/output/image_vectors/hefty291.jpg.npy,17
output/dixie/output/image_vectors/hefty21.jpg.npy,12
output/dixie/output/image_vectors/hefty287.jpg.npy,10
output/dixie/output/image_vectors/hefty289.jpg.npy,7
output/dixie/output/image_vectors/hefty493.jpg.npy,10
output/dixie/output/image_vectors/hefty285.jpg.npy,5
output/dixie/output/image_vectors/chinet152.jpg.npy,7
output/dixie/output/image_vectors/dixie-paper-products29.jpg.npy,0
output/dixie/output/image_vectors/hefty221.jpg.npy,17
output/dixie/output/image_vectors/hefty32.jpg.npy,17
output/dixie/output/image_vectors/hefty83.jpg.npy,17
output/dixie/output/image_vectors/hefty329.jpg.npy,17
output/dixie/output/image_vectors/chinet89.jpg.npy,2
output/dixie/output/image_vectors/chinet41.jpg.npy,3
output/dixie/output/image_vectors/hefty113.jpg.npy,15
output/dixie/output/image_vectors/chinet206.jpg.npy,4
output/dixie/output/image_vectors/chinet140.jpg.npy,2
output/dixie/output/image_vectors/chinet134.jpg.npy,4
output/dixie/output/image_vectors/hefty119.jpg.npy,10
output/dixie/output/image_vectors/hefty387.jpg.npy,1
output/dixie/output/image_vectors/chinet4.jpg.npy,11
output/dixie/output/image_vectors/hefty309.jpg.npy,5
output/dixie/output/image_vectors/hefty535.jpg.npy,7
output/dixie/output/image_vectors/chinet132.jpg.npy,4
output/dixie/output/image_vectors/chinet102.jpg.npy,0
output/dixie/output/image_vectors/chinet165.jpg.npy,4
output/dixie/output/image_vectors/hefty236.jpg.npy,1
output/dixie/output/image_vectors/chinet145.jpg.npy,8
output/dixie/output/image_vectors/dixie-paper-products76.jpg.npy,1
output/dixie/output/image_vectors/chinet306.jpg.npy,7
output/dixie/output/image_vectors/chinet163.jpg.npy,14
output/dixie/output/image_vectors/chinet292.jpg.npy,7
output/dixie/output/image_vectors/chinet164.jpg.npy,3
output/dixie/output/image_vectors/hefty77.jpg.npy,17
output/dixie/output/image_vectors/hefty85.jpg.npy,10
output/dixie/output/image_vectors/hefty40.jpg.npy,17
output/dixie/output/image_vectors/chinet404.jpg.npy,1
output/dixie/output/image_vectors/hefty405.jpg.npy,9
output/dixie/output/image_vectors/hefty132.jpg.npy,1
output/dixie/output/image_vectors/chinet54.jpg.npy,10
output/dixie/output/image_vectors/dixie-paper-products8.jpg.npy,0
output/dixie/output/image_vectors/hefty233.jpg.npy,1
output/dixie/output/image_vectors/chinet150.jpg.npy,10
output/dixie/output/image_vectors/hefty378.jpg.npy,8
output/dixie/output/image_vectors/hefty410.jpg.npy,9
output/dixie/output/image_vectors/chinet330.jpg.npy,18
output/dixie/output/image_vectors/hefty200.jpg.npy,6
output/dixie/output/image_vectors/hefty525.jpg.npy,7
output/dixie/output/image_vectors/chinet241.jpg.npy,14
output/dixie/output/image_vectors/hefty308.jpg.npy,6
output/dixie/output/image_vectors/dixie-paper-products75.jpg.npy,7
output/dixie/output/image_vectors/chinet251.jpg.npy,3
output/dixie/output/image_vectors/chinet357.jpg.npy,8
output/dixie/output/image_vectors/hefty415.jpg.npy,6
output/dixie/output/image_vectors/chinet219.jpg.npy,10
output/dixie/output/image_vectors/hefty102.jpg.npy,10
output/dixie/output/image_vectors/dixie-paper-products64.jpg.npy,7
output/dixie/output/image_vectors/hefty65.jpg.npy,1
output/dixie/output/image_vectors/chinet354.jpg.npy,10
output/dixie/output/image_vectors/chinet313.jpg.npy,18
output/dixie/output/image_vectors/hefty134.jpg.npy,13
output/dixie/output/image_vectors/chinet48.jpg.npy,7
output/dixie/output/image_vectors/hefty551.jpg.npy,10
output/dixie/output/image_vectors/hefty226.jpg.npy,5
output/dixie/output/image_vectors/hefty166.jpg.npy,17
output/dixie/output/image_vectors/dixie-paper-products42.jpg.npy,14
output/dixie/output/image_vectors/hefty243.jpg.npy,0
output/dixie/output/image_vectors/hefty268.jpg.npy,8
output/dixie/output/image_vectors/hefty53.jpg.npy,1
output/dixie/output/image_vectors/dixie-paper-products46.jpg.npy,4
output/dixie/output/image_vectors/chinet231.jpg.npy,10
output/dixie/output/image_vectors/chinet375.jpg.npy,3
output/dixie/output/image_vectors/chinet159.jpg.npy,14
output/dixie/output/image_vectors/chinet362.jpg.npy,7
output/dixie/output/image_vectors/hefty366.jpg.npy,10
output/dixie/output/image_vectors/hefty529.jpg.npy,10
output/dixie/output/image_vectors/chinet25.jpg.npy,4
output/dixie/output/image_vectors/chinet317.jpg.npy,18
output/dixie/output/image_vectors/hefty517.jpg.npy,1
output/dixie/output/image_vectors/hefty348.jpg.npy,9
output/dixie/output/image_vectors/hefty327.jpg.npy,12
output/dixie/output/image_vectors/hefty178.jpg.npy,6
output/dixie/output/image_vectors/hefty297.jpg.npy,10
output/dixie/output/image_vectors/hefty447.jpg.npy,10
output/dixie/output/image_vectors/chinet295.jpg.npy,2
output/dixie/output/image_vectors/chinet98.jpg.npy,2
output/dixie/output/image_vectors/hefty368.jpg.npy,10
output/dixie/output/image_vectors/chinet417.jpg.npy,3
output/dixie/output/image_vectors/chinet261.jpg.npy,7
output/dixie/output/image_vectors/hefty31.jpg.npy,17
output/dixie/output/image_vectors/hefty435.jpg.npy,1
output/dixie/output/image_vectors/hefty130.jpg.npy,1
output/dixie/output/image_vectors/hefty471.jpg.npy,9
output/dixie/output/image_vectors/hefty125.jpg.npy,17
output/dixie/output/image_vectors/chinet154.jpg.npy,7
output/dixie/output/image_vectors/chinet153.jpg.npy,10
output/dixie/output/image_vectors/hefty159.jpg.npy,13
output/dixie/output/image_vectors/chinet117.jpg.npy,8
output/dixie/output/image_vectors/chinet94.jpg.npy,8
output/dixie/output/image_vectors/chinet411.jpg.npy,7
output/dixie/output/image_vectors/chinet49.jpg.npy,10
output/dixie/output/image_vectors/hefty18.jpg.npy,15
output/dixie/output/image_vectors/hefty516.jpg.npy,10
output/dixie/output/image_vectors/dixie-paper-products47.jpg.npy,0
output/dixie/output/image_vectors/hefty395.jpg.npy,6
output/dixie/output/image_vectors/hefty153.jpg.npy,13
output/dixie/output/image_vectors/hefty204.jpg.npy,17
output/dixie/output/image_vectors/hefty388.jpg.npy,1
output/dixie/output/image_vectors/chinet59.jpg.npy,2
output/dixie/output/image_vectors/dixie-paper-products13.jpg.npy,8
output/dixie/output/image_vectors/hefty502.jpg.npy,1
output/dixie/output/image_vectors/chinet262.jpg.npy,4
output/dixie/output/image_vectors/hefty425.jpg.npy,1
output/dixie/output/image_vectors/hefty10.jpg.npy,8
output/dixie/output/image_vectors/chinet238.jpg.npy,4
output/dixie/output/image_vectors/chinet368.jpg.npy,7
output/dixie/output/image_vectors/hefty218.jpg.npy,2
output/dixie/output/image_vectors/chinet359.jpg.npy,7
output/dixie/output/image_vectors/dixie-paper-products1.jpg.npy,8
output/dixie/output/image_vectors/dixie-paper-products90.jpg.npy,9
output/dixie/output/image_vectors/hefty445.jpg.npy,9
output/dixie/output/image_vectors/chinet310.jpg.npy,2
output/dixie/output/image_vectors/dixie-paper-products26.jpg.npy,4
output/dixie/output/image_vectors/chinet92.jpg.npy,0
output/dixie/output/image_vectors/hefty406.jpg.npy,12
output/dixie/output/image_vectors/hefty143.jpg.npy,8
output/dixie/output/image_vectors/chinet67.jpg.npy,1
output/dixie/output/image_vectors/hefty530.jpg.npy,7
output/dixie/output/image_vectors/dixie-paper-products82.jpg.npy,3
output/dixie/output/image_vectors/chinet258.jpg.npy,2
output/dixie/output/image_vectors/chinet43.jpg.npy,1
output/dixie/output/image_vectors/chinet236.jpg.npy,3
output/dixie/output/image_vectors/dixie-paper-products37.jpg.npy,7
output/dixie/output/image_vectors/dixie-paper-products10.jpg.npy,0
output/dixie/output/image_vectors/chinet274.jpg.npy,11
output/dixie/output/image_vectors/hefty545.jpg.npy,3
output/dixie/output/image_vectors/hefty325.jpg.npy,10
output/dixie/output/image_vectors/chinet233.jpg.npy,14
output/dixie/output/image_vectors/hefty235.jpg.npy,2
output/dixie/output/image_vectors/chinet323.jpg.npy,8
output/dixie/output/image_vectors/hefty61.jpg.npy,1
output/dixie/output/image_vectors/hefty22.jpg.npy,11
output/dixie/output/image_vectors/chinet85.jpg.npy,0
output/dixie/output/image_vectors/hefty364.jpg.npy,10
output/dixie/output/image_vectors/chinet294.jpg.npy,7
output/dixie/output/image_vectors/hefty303.jpg.npy,10
output/dixie/output/image_vectors/hefty72.jpg.npy,8
output/dixie/output/image_vectors/chinet271.jpg.npy,17
output/dixie/output/image_vectors/dixie-paper-products73.jpg.npy,4
output/dixie/output/image_vectors/chinet188.jpg.npy,7
output/dixie/output/image_vectors/chinet369.jpg.npy,2
output/dixie/output/image_vectors/hefty67.jpg.npy,11
output/dixie/output/image_vectors/hefty250.jpg.npy,17
output/dixie/output/image_vectors/chinet203.jpg.npy,10
output/dixie/output/image_vectors/hefty505.jpg.npy,17
output/dixie/output/image_vectors/hefty73.jpg.npy,8
output/dixie/output/image_vectors/hefty190.jpg.npy,13
output/dixie/output/image_vectors/chinet348.jpg.npy,7
output/dixie/output/image_vectors/chinet157.jpg.npy,7
output/dixie/output/image_vectors/hefty50.jpg.npy,12
output/dixie/output/image_vectors/hefty172.jpg.npy,11
output/dixie/output/image_vectors/chinet264.jpg.npy,4
output/dixie/output/image_vectors/dixie-paper-products83.jpg.npy,3
output/dixie/output/image_vectors/chinet137.jpg.npy,2
output/dixie/output/image_vectors/hefty12.jpg.npy,5
output/dixie/output/image_vectors/chinet221.jpg.npy,10
output/dixie/output/image_vectors/hefty467.jpg.npy,7
output/dixie/output/image_vectors/hefty393.jpg.npy,9
output/dixie/output/image_vectors/chinet180.jpg.npy,14
output/dixie/output/image_vectors/hefty508.jpg.npy,9
output/dixie/output/image_vectors/dixie-paper-products63.jpg.npy,10
output/dixie/output/image_vectors/hefty181.jpg.npy,7
output/dixie/output/image_vectors/chinet122.jpg.npy,7
output/dixie/output/image_vectors/hefty279.jpg.npy,16
output/dixie/output/image_vectors/hefty456.jpg.npy,17
output/dixie/output/image_vectors/hefty391.jpg.npy,8
output/dixie/output/image_vectors/chinet345.jpg.npy,7
output/dixie/output/image_vectors/chinet197.jpg.npy,14
output/dixie/output/image_vectors/hefty13.jpg.npy,10
output/dixie/output/image_vectors/chinet83.jpg.npy,7
output/dixie/output/image_vectors/chinet69.jpg.npy,2
output/dixie/output/image_vectors/hefty444.jpg.npy,9
output/dixie/output/image_vectors/hefty500.jpg.npy,10
output/dixie/output/image_vectors/hefty524.jpg.npy,8
output/dixie/output/image_vectors/dixie-paper-products18.jpg.npy,6
output/dixie/output/image_vectors/chinet37.jpg.npy,7
output/dixie/output/image_vectors/hefty461.jpg.npy,17
output/dixie/output/image_vectors/hefty288.jpg.npy,7
output/dixie/output/image_vectors/hefty367.jpg.npy,12
output/dixie/output/image_vectors/chinet353.jpg.npy,18
output/dixie/output/image_vectors/chinet22.jpg.npy,2
output/dixie/output/image_vectors/chinet321.jpg.npy,17
output/dixie/output/image_vectors/hefty451.jpg.npy,10
output/dixie/output/image_vectors/chinet192.jpg.npy,3
output/dixie/output/image_vectors/chinet53.jpg.npy,3
output/dixie/output/image_vectors/chinet101.jpg.npy,7
output/dixie/output/image_vectors/hefty185.jpg.npy,7
output/dixie/output/image_vectors/chinet161.jpg.npy,14
output/dixie/output/image_vectors/hefty187.jpg.npy,10
output/dixie/output/image_vectors/hefty180.jpg.npy,6
output/dixie/output/image_vectors/hefty533.jpg.npy,10
output/dixie/output/image_vectors/dixie-paper-products67.jpg.npy,10
output/dixie/output/image_vectors/hefty240.jpg.npy,7
output/dixie/output/image_vectors/chinet218.jpg.npy,12
output/dixie/output/image_vectors/chinet185.jpg.npy,4
output/dixie/output/image_vectors/chinet266.jpg.npy,2
output/dixie/output/image_vectors/chinet0.jpg.npy,8
output/dixie/output/image_vectors/hefty426.jpg.npy,10
output/dixie/output/image_vectors/hefty440.jpg.npy,7
output/dixie/output/image_vectors/hefty402.jpg.npy,10
output/dixie/output/image_vectors/hefty550.jpg.npy,7
output/dixie/output/image_vectors/chinet10.jpg.npy,2
output/dixie/output/image_vectors/chinet73.jpg.npy,7
output/dixie/output/image_vectors/chinet194.jpg.npy,14
output/dixie/output/image_vectors/hefty356.jpg.npy,9
output/dixie/output/image_vectors/chinet107.jpg.npy,2
output/dixie/output/image_vectors/hefty241.jpg.npy,7
output/dixie/output/image_vectors/hefty317.jpg.npy,10
output/dixie/output/image_vectors/chinet304.jpg.npy,18
output/dixie/output/image_vectors/hefty495.jpg.npy,9
output/dixie/output/image_vectors/hefty332.jpg.npy,17
output/dixie/output/image_vectors/hefty411.jpg.npy,1
output/dixie/output/image_vectors/chinet9.jpg.npy,8
output/dixie/output/image_vectors/hefty122.jpg.npy,7
output/dixie/output/image_vectors/chinet329.jpg.npy,18
output/dixie/output/image_vectors/hefty97.jpg.npy,16
output/dixie/output/image_vectors/hefty453.jpg.npy,1
output/dixie/output/image_vectors/chinet338.jpg.npy,8
output/dixie/output/image_vectors/hefty543.jpg.npy,6
output/dixie/output/image_vectors/hefty380.jpg.npy,7
output/dixie/output/image_vectors/hefty80.jpg.npy,17
output/dixie/output/image_vectors/hefty290.jpg.npy,17
output/dixie/output/image_vectors/hefty202.jpg.npy,8
output/dixie/output/image_vectors/dixie-paper-products35.jpg.npy,4
output/dixie/output/image_vectors/hefty0.jpg.npy,5
output/dixie/output/image_vectors/chinet23.jpg.npy,14
output/dixie/output/image_vectors/hefty481.jpg.npy,1
output/dixie/output/image_vectors/hefty43.jpg.npy,15
output/dixie/output/image_vectors/dixie-paper-products54.jpg.npy,10
output/dixie/output/image_vectors/hefty145.jpg.npy,7
output/dixie/output/image_vectors/hefty399.jpg.npy,1
output/dixie/output/image_vectors/hefty188.jpg.npy,11
output/dixie/output/image_vectors/hefty372.jpg.npy,5
output/dixie/output/image_vectors/chinet105.jpg.npy,2
output/dixie/output/image_vectors/chinet328.jpg.npy,18
output/dixie/output/image_vectors/dixie-paper-products55.jpg.npy,8
output/dixie/output/image_vectors/hefty192.jpg.npy,13
output/dixie/output/image_vectors/chinet366.jpg.npy,2
output/dixie/output/image_vectors/chinet237.jpg.npy,3
output/dixie/output/image_vectors/hefty179.jpg.npy,7
output/dixie/output/image_vectors/hefty476.jpg.npy,10
output/dixie/output/image_vectors/hefty51.jpg.npy,12
output/dixie/output/image_vectors/dixie-paper-products31.jpg.npy,1
output/dixie/output/image_vectors/chinet372.jpg.npy,7
output/dixie/output/image_vectors/hefty486.jpg.npy,1
output/dixie/output/image_vectors/chinet286.jpg.npy,7
output/dixie/output/image_vectors/dixie-paper-products80.jpg.npy,3
output/dixie/output/image_vectors/hefty150.jpg.npy,8
output/dixie/output/image_vectors/hefty6.jpg.npy,8
output/dixie/output/image_vectors/hefty358.jpg.npy,9
output/dixie/output/image_vectors/hefty255.jpg.npy,13
output/dixie/output/image_vectors/hefty390.jpg.npy,6
output/dixie/output/image_vectors/chinet257.jpg.npy,4
output/dixie/output/image_vectors/chinet291.jpg.npy,7
output/dixie/output/image_vectors/hefty438.jpg.npy,1
output/dixie/output/image_vectors/chinet281.jpg.npy,11
output/dixie/output/image_vectors/hefty70.jpg.npy,19
output/dixie/output/image_vectors/hefty375.jpg.npy,18
output/dixie/output/image_vectors/chinet109.jpg.npy,1
output/dixie/output/image_vectors/chinet183.jpg.npy,11
output/dixie/output/image_vectors/hefty118.jpg.npy,10
output/dixie/output/image_vectors/hefty246.jpg.npy,10
output/dixie/output/image_vectors/chinet299.jpg.npy,18
output/dixie/output/image_vectors/chinet173.jpg.npy,4
output/dixie/output/image_vectors/hefty244.jpg.npy,5
output/dixie/output/image_vectors/hefty547.jpg.npy,1
output/dixie/output/image_vectors/chinet386.jpg.npy,7
output/dixie/output/image_vectors/hefty320.jpg.npy,16
output/dixie/output/image_vectors/hefty448.jpg.npy,1
output/dixie/output/image_vectors/hefty199.jpg.npy,6
output/dixie/output/image_vectors/hefty513.jpg.npy,10
output/dixie/output/image_vectors/hefty450.jpg.npy,10
output/dixie/output/image_vectors/chinet288.jpg.npy,7
output/dixie/output/image_vectors/hefty128.jpg.npy,7
output/dixie/output/image_vectors/chinet275.jpg.npy,4
output/dixie/output/image_vectors/hefty24.jpg.npy,1
output/dixie/output/image_vectors/chinet344.jpg.npy,6
output/dixie/output/image_vectors/hefty111.jpg.npy,12
output/dixie/output/image_vectors/hefty170.jpg.npy,1
output/dixie/output/image_vectors/chinet311.jpg.npy,10
output/dixie/output/image_vectors/chinet363.jpg.npy,7
output/dixie/output/image_vectors/hefty211.jpg.npy,10
output/dixie/output/image_vectors/dixie-paper-products23.jpg.npy,8
output/dixie/output/image_vectors/hefty536.jpg.npy,10
output/dixie/output/image_vectors/hefty544.jpg.npy,17
output/dixie/output/image_vectors/chinet374.jpg.npy,3
output/dixie/output/image_vectors/chinet240.jpg.npy,8
output/dixie/output/image_vectors/chinet399.jpg.npy,10
output/dixie/output/image_vectors/hefty494.jpg.npy,7
output/dixie/output/image_vectors/hefty101.jpg.npy,1
output/dixie/output/image_vectors/chinet244.jpg.npy,7
output/dixie/output/image_vectors/hefty470.jpg.npy,7
output/dixie/output/image_vectors/chinet227.jpg.npy,14
output/dixie/output/image_vectors/dixie-paper-products32.jpg.npy,4
output/dixie/output/image_vectors/hefty104.jpg.npy,12
output/dixie/output/image_vectors/dixie-paper-products84.jpg.npy,7
output/dixie/output/image_vectors/hefty222.jpg.npy,1
output/dixie/output/image_vectors/hefty198.jpg.npy,2
output/dixie/output/image_vectors/chinet223.jpg.npy,14
output/dixie/output/image_vectors/dixie-paper-products33.jpg.npy,0
output/dixie/output/image_vectors/hefty182.jpg.npy,6
output/dixie/output/image_vectors/dixie-paper-products52.jpg.npy,0
output/dixie/output/image_vectors/dixie-paper-products28.jpg.npy,8
output/dixie/output/image_vectors/hefty487.jpg.npy,1
output/dixie/output/image_vectors/hefty330.jpg.npy,6
output/dixie/output/image_vectors/dixie-paper-products65.jpg.npy,0
output/dixie/output/image_vectors/chinet45.jpg.npy,2
output/dixie/output/image_vectors/chinet144.jpg.npy,7
output/dixie/output/image_vectors/hefty347.jpg.npy,6
output/dixie/output/image_vectors/hefty362.jpg.npy,9
output/dixie/output/image_vectors/chinet339.jpg.npy,8
output/dixie/output/image_vectors/chinet15.jpg.npy,2
output/dixie/output/image_vectors/chinet212.jpg.npy,6
output/dixie/output/image_vectors/hefty84.jpg.npy,17
output/dixie/output/image_vectors/chinet33.jpg.npy,11
output/dixie/output/image_vectors/hefty377.jpg.npy,18
output/dixie/output/image_vectors/hefty42.jpg.npy,17
output/dixie/output/image_vectors/hefty232.jpg.npy,1
output/dixie/output/image_vectors/chinet76.jpg.npy,0
output/dixie/output/image_vectors/hefty462.jpg.npy,17
output/dixie/output/image_vectors/chinet402.jpg.npy,7
output/dixie/output/image_vectors/hefty253.jpg.npy,5
output/dixie/output/image_vectors/hefty224.jpg.npy,1
output/dixie/output/image_vectors/chinet220.jpg.npy,14
output/dixie/output/image_vectors/chinet38.jpg.npy,3
output/dixie/output/image_vectors/hefty335.jpg.npy,17
output/dixie/output/image_vectors/chinet217.jpg.npy,3
output/dixie/output/image_vectors/hefty86.jpg.npy,7
output/dixie/output/image_vectors/hefty514.jpg.npy,10
output/dixie/output/image_vectors/chinet179.jpg.npy,7
output/dixie/output/image_vectors/hefty454.jpg.npy,7
output/dixie/output/image_vectors/hefty436.jpg.npy,10
output/dixie/output/image_vectors/chinet331.jpg.npy,8
output/dixie/output/image_vectors/chinet78.jpg.npy,0
output/dixie/output/image_vectors/chinet234.jpg.npy,2
output/dixie/output/image_vectors/chinet160.jpg.npy,4
output/dixie/output/image_vectors/dixie-paper-products72.jpg.npy,4
output/dixie/output/image_vectors/hefty56.jpg.npy,1
output/dixie/output/image_vectors/chinet88.jpg.npy,3
output/dixie/output/image_vectors/hefty225.jpg.npy,5
output/dixie/output/image_vectors/hefty537.jpg.npy,17
output/dixie/output/image_vectors/chinet126.jpg.npy,7
output/dixie/output/image_vectors/hefty258.jpg.npy,13
output/dixie/output/image_vectors/hefty522.jpg.npy,10
output/dixie/output/image_vectors/chinet343.jpg.npy,7
output/dixie/output/image_vectors/hefty269.jpg.npy,9
output/dixie/output/image_vectors/hefty302.jpg.npy,1
output/dixie/output/image_vectors/chinet177.jpg.npy,14
output/dixie/output/image_vectors/hefty214.jpg.npy,7
output/dixie/output/image_vectors/hefty298.jpg.npy,5
output/dixie/output/image_vectors/chinet116.jpg.npy,0
output/dixie/output/image_vectors/hefty304.jpg.npy,6
output/dixie/output/image_vectors/chinet110.jpg.npy,14
output/dixie/output/image_vectors/chinet7.jpg.npy,0
output/dixie/output/image_vectors/chinet285.jpg.npy,7
output/dixie/output/image_vectors/hefty360.jpg.npy,8
output/dixie/output/image_vectors/hefty295.jpg.npy,7
output/dixie/output/image_vectors/hefty108.jpg.npy,8
output/dixie/output/image_vectors/hefty336.jpg.npy,17
output/dixie/output/image_vectors/chinet301.jpg.npy,7
output/dixie/output/image_vectors/hefty135.jpg.npy,13
output/dixie/output/image_vectors/dixie-paper-products5.jpg.npy,2
output/dixie/output/image_vectors/hefty455.jpg.npy,3
output/dixie/output/image_vectors/chinet225.jpg.npy,14
output/dixie/output/image_vectors/hefty20.jpg.npy,5
output/dixie/output/image_vectors/hefty333.jpg.npy,17
output/dixie/output/image_vectors/hefty120.jpg.npy,1
output/dixie/output/image_vectors/hefty201.jpg.npy,13
output/dixie/output/image_vectors/hefty341.jpg.npy,10
output/dixie/output/image_vectors/hefty193.jpg.npy,16
output/dixie/output/image_vectors/hefty449.jpg.npy,1
output/dixie/output/image_vectors/chinet99.jpg.npy,8
output/dixie/output/image_vectors/chinet377.jpg.npy,3
output/dixie/output/image_vectors/chinet3.jpg.npy,11
output/dixie/output/image_vectors/hefty177.jpg.npy,0
output/dixie/output/image_vectors/dixie-paper-products20.jpg.npy,0
output/dixie/output/image_vectors/hefty473.jpg.npy,1
output/dixie/output/image_vectors/hefty168.jpg.npy,5
output/dixie/output/image_vectors/dixie-paper-products27.jpg.npy,0
output/dixie/output/image_vectors/chinet280.jpg.npy,2
output/dixie/output/image_vectors/hefty412.jpg.npy,1
output/dixie/output/image_vectors/chinet63.jpg.npy,10
output/dixie/output/image_vectors/hefty93.jpg.npy,2
output/dixie/output/image_vectors/hefty489.jpg.npy,1
output/dixie/output/image_vectors/hefty36.jpg.npy,17
output/dixie/output/image_vectors/chinet155.jpg.npy,2
output/dixie/output/image_vectors/chinet260.jpg.npy,14
output/dixie/output/image_vectors/hefty307.jpg.npy,5
output/dixie/output/image_vectors/chinet129.jpg.npy,10
output/dixie/output/image_vectors/hefty340.jpg.npy,9
output/dixie/output/image_vectors/hefty171.jpg.npy,1
output/dixie/output/image_vectors/chinet324.jpg.npy,8
output/dixie/output/image_vectors/hefty401.jpg.npy,1
output/dixie/output/image_vectors/hefty433.jpg.npy,7
output/dixie/output/image_vectors/dixie-paper-products3.jpg.npy,12
output/dixie/output/image_vectors/chinet72.jpg.npy,10
output/dixie/output/image_vectors/hefty501.jpg.npy,1
output/dixie/output/image_vectors/hefty478.jpg.npy,7
output/dixie/output/image_vectors/chinet293.jpg.npy,14
output/dixie/output/image_vectors/chinet380.jpg.npy,8
output/dixie/output/image_vectors/hefty140.jpg.npy,7
output/dixie/output/image_vectors/chinet403.jpg.npy,7
output/dixie/output/image_vectors/chinet387.jpg.npy,10
output/dixie/output/image_vectors/dixie-paper-products21.jpg.npy,0
output/dixie/output/image_vectors/hefty446.jpg.npy,10
output/dixie/output/image_vectors/hefty213.jpg.npy,16
output/dixie/output/image_vectors/hefty131.jpg.npy,13
output/dixie/output/image_vectors/hefty286.jpg.npy,5
output/dixie/output/image_vectors/hefty509.jpg.npy,1
output/dixie/output/image_vectors/hefty62.jpg.npy,12
output/dixie/output/image_vectors/chinet349.jpg.npy,2
output/dixie/output/image_vectors/chinet120.jpg.npy,10
output/dixie/output/image_vectors/chinet182.jpg.npy,14
output/dixie/output/image_vectors/hefty318.jpg.npy,9
output/dixie/output/image_vectors/hefty167.jpg.npy,9
output/dixie/output/image_vectors/chinet138.jpg.npy,2
output/dixie/output/image_vectors/chinet381.jpg.npy,10
output/dixie/output/image_vectors/chinet316.jpg.npy,18
output/dixie/output/image_vectors/chinet100.jpg.npy,0
output/dixie/output/image_vectors/chinet268.jpg.npy,4
output/dixie/output/image_vectors/chinet364.jpg.npy,2
output/dixie/output/image_vectors/dixie-paper-products68.jpg.npy,8
output/dixie/output/image_vectors/hefty403.jpg.npy,12
output/dixie/output/image_vectors/hefty417.jpg.npy,17
output/dixie/output/image_vectors/chinet27.jpg.npy,14
output/dixie/output/image_vectors/dixie-paper-products17.jpg.npy,2
output/dixie/output/image_vectors/chinet284.jpg.npy,7
output/dixie/output/image_vectors/chinet365.jpg.npy,7
output/dixie/output/image_vectors/chinet156.jpg.npy,2
output/dixie/output/image_vectors/hefty483.jpg.npy,1
output/dixie/output/image_vectors/dixie-paper-products71.jpg.npy,2
output/dixie/output/image_vectors/hefty165.jpg.npy,17
output/dixie/output/image_vectors/chinet367.jpg.npy,7
output/dixie/output/image_vectors/hefty400.jpg.npy,9
output/dixie/output/image_vectors/hefty488.jpg.npy,1
output/dixie/output/image_vectors/hefty523.jpg.npy,7
output/dixie/output/image_vectors/hefty531.jpg.npy,7
output/dixie/output/image_vectors/chinet392.jpg.npy,10
output/dixie/output/image_vectors/dixie-paper-products14.jpg.npy,0
output/dixie/output/image_vectors/hefty5.jpg.npy,5
output/dixie/output/image_vectors/hefty33.jpg.npy,17
output/dixie/output/image_vectors/hefty539.jpg.npy,3
output/dixie/output/image_vectors/chinet202.jpg.npy,14
output/dixie/output/image_vectors/chinet158.jpg.npy,14
output/dixie/output/image_vectors/chinet39.jpg.npy,14
output/dixie/output/image_vectors/hefty160.jpg.npy,9
output/dixie/output/image_vectors/hefty371.jpg.npy,9
output/dixie/output/image_vectors/chinet70.jpg.npy,3
output/dixie/output/image_vectors/dixie-paper-products92.jpg.npy,7
output/dixie/output/image_vectors/hefty314.jpg.npy,10
output/dixie/output/image_vectors/chinet350.jpg.npy,2
output/dixie/output/image_vectors/chinet263.jpg.npy,17
output/dixie/output/image_vectors/hefty460.jpg.npy,17
output/dixie/output/image_vectors/hefty386.jpg.npy,1
output/dixie/output/image_vectors/hefty169.jpg.npy,1
output/dixie/output/image_vectors/chinet276.jpg.npy,4
output/dixie/output/image_vectors/hefty423.jpg.npy,17
output/dixie/output/image_vectors/chinet230.jpg.npy,3
output/dixie/output/image_vectors/chinet169.jpg.npy,2
output/dixie/output/image_vectors/dixie-paper-products44.jpg.npy,4
output/dixie/output/image_vectors/hefty212.jpg.npy,2
output/dixie/output/image_vectors/chinet148.jpg.npy,14
output/dixie/output/image_vectors/hefty273.jpg.npy,1
output/dixie/output/image_vectors/chinet68.jpg.npy,1
output/dixie/output/image_vectors/hefty183.jpg.npy,5
output/dixie/output/image_vectors/hefty553.jpg.npy,7
output/dixie/output/image_vectors/chinet371.jpg.npy,10
output/dixie/output/image_vectors/dixie-paper-products6.jpg.npy,6
output/dixie/output/image_vectors/hefty3.jpg.npy,5
output/dixie/output/image_vectors/chinet388.jpg.npy,14
output/dixie/output/image_vectors/chinet170.jpg.npy,1
output/dixie/output/image_vectors/chinet204.jpg.npy,7
output/dixie/output/image_vectors/chinet412.jpg.npy,10
output/dixie/output/image_vectors/chinet90.jpg.npy,7
output/dixie/output/image_vectors/hefty439.jpg.npy,10
output/dixie/output/image_vectors/hefty30.jpg.npy,17
output/dixie/output/image_vectors/dixie-paper-products96.jpg.npy,7
output/dixie/output/image_vectors/chinet195.jpg.npy,10
output/dixie/output/image_vectors/hefty374.jpg.npy,16
output/dixie/output/image_vectors/hefty110.jpg.npy,5
output/dixie/output/image_vectors/chinet65.jpg.npy,3
output/dixie/output/image_vectors/hefty306.jpg.npy,5
output/dixie/output/image_vectors/hefty397.jpg.npy,7
output/dixie/output/image_vectors/chinet75.jpg.npy,10
output/dixie/output/image_vectors/hefty351.jpg.npy,16
output/dixie/output/image_vectors/hefty158.jpg.npy,16
output/dixie/output/image_vectors/hefty283.jpg.npy,8
output/dixie/output/image_vectors/chinet44.jpg.npy,14
output/dixie/output/image_vectors/chinet11.jpg.npy,14
output/dixie/output/image_vectors/chinet340.jpg.npy,8
output/dixie/output/image_vectors/dixie-paper-products24.jpg.npy,4
output/dixie/output/image_vectors/hefty231.jpg.npy,10
output/dixie/output/image_vectors/hefty379.jpg.npy,6
output/dixie/output/image_vectors/chinet290.jpg.npy,10
output/dixie/output/image_vectors/hefty136.jpg.npy,1
output/dixie/output/image_vectors/hefty25.jpg.npy,5
output/dixie/output/image_vectors/hefty91.jpg.npy,8
output/dixie/output/image_vectors/chinet56.jpg.npy,14
output/dixie/output/image_vectors/hefty338.jpg.npy,8
output/dixie/output/image_vectors/chinet175.jpg.npy,3
output/dixie/output/image_vectors/hefty138.jpg.npy,7
output/dixie/output/image_vectors/hefty409.jpg.npy,1
output/dixie/output/image_vectors/chinet232.jpg.npy,7
output/dixie/output/image_vectors/hefty41.jpg.npy,11
output/dixie/output/image_vectors/hefty404.jpg.npy,8
output/dixie/output/image_vectors/hefty35.jpg.npy,17
output/dixie/output/image_vectors/hefty66.jpg.npy,12
output/dixie/output/image_vectors/hefty490.jpg.npy,7
output/dixie/output/image_vectors/hefty331.jpg.npy,6
output/dixie/output/image_vectors/hefty8.jpg.npy,19
output/dixie/output/image_vectors/chinet82.jpg.npy,3
output/dixie/output/image_vectors/hefty100.jpg.npy,5
output/dixie/output/image_vectors/hefty474.jpg.npy,10
output/dixie/output/image_vectors/hefty89.jpg.npy,12
output/dixie/output/image_vectors/hefty507.jpg.npy,10
output/dixie/output/image_vectors/dixie-paper-products36.jpg.npy,4
output/dixie/output/image_vectors/hefty217.jpg.npy,2
output/dixie/output/image_vectors/chinet298.jpg.npy,10
output/dixie/output/image_vectors/dixie-paper-products48.jpg.npy,0
output/dixie/output/image_vectors/hefty27.jpg.npy,12
output/dixie/output/image_vectors/chinet239.jpg.npy,4
output/dixie/output/image_vectors/hefty443.jpg.npy,17
output/dixie/output/image_vectors/chinet66.jpg.npy,7
output/dixie/output/image_vectors/chinet308.jpg.npy,10
output/dixie/output/image_vectors/hefty254.jpg.npy,13
output/dixie/output/image_vectors/hefty554.jpg.npy,1
output/dixie/output/image_vectors/hefty69.jpg.npy,5
output/dixie/output/image_vectors/chinet187.jpg.npy,4
output/dixie/output/image_vectors/hefty196.jpg.npy,16
output/dixie/output/image_vectors/hefty229.jpg.npy,5
output/dixie/output/image_vectors/chinet52.jpg.npy,2
output/dixie/output/image_vectors/chinet410.jpg.npy,10
output/dixie/output/image_vectors/hefty142.jpg.npy,5
output/dixie/output/image_vectors/chinet245.jpg.npy,2
output/dixie/output/image_vectors/hefty293.jpg.npy,17
output/dixie/output/image_vectors/hefty485.jpg.npy,1
output/dixie/output/image_vectors/dixie-paper-products88.jpg.npy,11
output/dixie/output/image_vectors/chinet172.jpg.npy,14
output/dixie/output/image_vectors/chinet235.jpg.npy,10
output/dixie/output/image_vectors/chinet184.jpg.npy,4
output/dixie/output/image_vectors/dixie-paper-products34.jpg.npy,4
output/dixie/output/image_vectors/chinet71.jpg.npy,3
output/dixie/output/image_vectors/hefty11.jpg.npy,1
output/dixie/output/image_vectors/hefty126.jpg.npy,9
output/dixie/output/image_vectors/hefty515.jpg.npy,1
output/dixie/output/image_vectors/hefty228.jpg.npy,13
output/dixie/output/image_vectors/hefty504.jpg.npy,17
output/dixie/output/image_vectors/hefty34.jpg.npy,17
output/dixie/output/image_vectors/chinet24.jpg.npy,4
output/dixie/output/image_vectors/hefty79.jpg.npy,11
output/dixie/output/image_vectors/hefty186.jpg.npy,7
output/dixie/output/image_vectors/hefty151.jpg.npy,8
output/dixie/output/image_vectors/hefty407.jpg.npy,10
output/dixie/output/image_vectors/chinet74.jpg.npy,7
output/dixie/output/image_vectors/chinet282.jpg.npy,2
output/dixie/output/image_vectors/hefty277.jpg.npy,8
output/dixie/output/image_vectors/hefty549.jpg.npy,10
output/dixie/output/image_vectors/hefty382.jpg.npy,5
output/dixie/output/image_vectors/hefty17.jpg.npy,19
output/dixie/output/image_vectors/dixie-paper-products49.jpg.npy,10
output/dixie/output/image_vectors/chinet360.jpg.npy,8
output/dixie/output/image_vectors/chinet14.jpg.npy,14
output/dixie/output/image_vectors/hefty477.jpg.npy,7
output/dixie/output/image_vectors/hefty68.jpg.npy,19
output/dixie/output/image_vectors/chinet283.jpg.npy,11
output/dixie/output/image_vectors/chinet248.jpg.npy,1
output/dixie/output/image_vectors/chinet79.jpg.npy,3
output/dixie/output/image_vectors/hefty191.jpg.npy,11
output/dixie/output/image_vectors/hefty292.jpg.npy,17
output/dixie/output/image_vectors/chinet181.jpg.npy,7
output/dixie/output/image_vectors/chinet259.jpg.npy,2
output/dixie/output/image_vectors/chinet60.jpg.npy,3
output/dixie/output/image_vectors/dixie-paper-products91.jpg.npy,14
output/dixie/output/image_vectors/hefty270.jpg.npy,5
output/dixie/output/image_vectors/chinet174.jpg.npy,4
output/dixie/output/image_vectors/hefty52.jpg.npy,10
output/dixie/output/image_vectors/dixie-paper-products58.jpg.npy,4
output/dixie/output/image_vectors/dixie-paper-products4.jpg.npy,8
output/dixie/output/image_vectors/hefty14.jpg.npy,5
output/dixie/output/image_vectors/hefty278.jpg.npy,1
output/dixie/output/image_vectors/chinet395.jpg.npy,2
output/dixie/output/image_vectors/dixie-paper-products62.jpg.npy,9
output/dixie/output/image_vectors/chinet307.jpg.npy,7
output/dixie/output/image_vectors/hefty346.jpg.npy,10
output/dixie/output/image_vectors/hefty176.jpg.npy,1
output/dixie/output/image_vectors/chinet302.jpg.npy,4
output/dixie/output/image_vectors/chinet130.jpg.npy,11
output/dixie/output/image_vectors/hefty328.jpg.npy,1
output/dixie/output/image_vectors/hefty469.jpg.npy,7
output/dixie/output/image_vectors/chinet136.jpg.npy,3
output/dixie/output/image_vectors/hefty284.jpg.npy,8
output/dixie/output/image_vectors/hefty441.jpg.npy,7
output/dixie/output/image_vectors/chinet16.jpg.npy,2
output/dixie/output/image_vectors/hefty275.jpg.npy,10
output/dixie/output/image_vectors/chinet337.jpg.npy,8
output/dixie/output/image_vectors/dixie-paper-products89.jpg.npy,8
output/dixie/output/image_vectors/hefty99.jpg.npy,10
output/dixie/output/image_vectors/chinet211.jpg.npy,14
output/dixie/output/image_vectors/chinet196.jpg.npy,14
output/dixie/output/image_vectors/hefty344.jpg.npy,9
output/dixie/output/image_vectors/hefty74.jpg.npy,15
output/dixie/output/image_vectors/hefty408.jpg.npy,1
output/dixie/output/image_vectors/chinet352.jpg.npy,2
output/dixie/output/image_vectors/chinet272.jpg.npy,6
output/dixie/output/image_vectors/hefty310.jpg.npy,10
output/dixie/output/image_vectors/chinet30.jpg.npy,10
output/dixie/output/image_vectors/chinet335.jpg.npy,17
output/dixie/output/image_vectors/dixie-paper-products97.jpg.npy,14
output/dixie/output/image_vectors/hefty376.jpg.npy,1
output/dixie/output/image_vectors/hefty452.jpg.npy,9
output/dixie/output/image_vectors/hefty124.jpg.npy,13
output/dixie/output/image_vectors/hefty398.jpg.npy,10
output/dixie/output/image_vectors/chinet62.jpg.npy,2
output/dixie/output/image_vectors/chinet201.jpg.npy,14
output/dixie/output/image_vectors/hefty369.jpg.npy,5
output/dixie/output/image_vectors/hefty71.jpg.npy,15
output/dixie/output/image_vectors/chinet162.jpg.npy,4
output/dixie/output/image_vectors/chinet332.jpg.npy,2
output/dixie/output/image_vectors/chinet198.jpg.npy,14
output/dixie/output/image_vectors/hefty195.jpg.npy,9
output/dixie/output/image_vectors/hefty312.jpg.npy,7
output/dixie/output/image_vectors/chinet370.jpg.npy,7
output/dixie/output/image_vectors/hefty464.jpg.npy,7
output/dixie/output/image_vectors/chinet242.jpg.npy,2
output/dixie/output/image_vectors/chinet253.jpg.npy,1
output/dixie/output/image_vectors/dixie-paper-products7.jpg.npy,0
output/dixie/output/image_vectors/chinet121.jpg.npy,3
output/dixie/output/image_vectors/chinet149.jpg.npy,7
output/dixie/output/image_vectors/hefty503.jpg.npy,1
output/dixie/output/image_vectors/hefty157.jpg.npy,1
output/dixie/output/image_vectors/chinet50.jpg.npy,3
output/dixie/output/image_vectors/hefty359.jpg.npy,10
output/dixie/output/image_vectors/chinet55.jpg.npy,2
output/dixie/output/image_vectors/hefty95.jpg.npy,15
output/dixie/output/image_vectors/hefty210.jpg.npy,16
output/dixie/output/image_vectors/hefty245.jpg.npy,10
output/dixie/output/image_vectors/hefty466.jpg.npy,1
output/dixie/output/image_vectors/hefty458.jpg.npy,17
output/dixie/output/image_vectors/chinet325.jpg.npy,17
output/dixie/output/image_vectors/chinet318.jpg.npy,18
output/dixie/output/image_vectors/chinet397.jpg.npy,2
output/dixie/output/image_vectors/hefty266.jpg.npy,1
output/dixie/output/image_vectors/chinet413.jpg.npy,7
output/dixie/output/image_vectors/hefty352.jpg.npy,10
output/dixie/output/image_vectors/chinet415.jpg.npy,17
output/dixie/output/image_vectors/hefty343.jpg.npy,17
output/dixie/output/image_vectors/chinet222.jpg.npy,14
output/dixie/output/image_vectors/hefty60.jpg.npy,12
output/dixie/output/image_vectors/chinet327.jpg.npy,11
output/dixie/output/image_vectors/chinet81.jpg.npy,3
output/dixie/output/image_vectors/hefty87.jpg.npy,5
output/dixie/output/image_vectors/chinet64.jpg.npy,4
output/dixie/output/image_vectors/hefty144.jpg.npy,16
output/dixie/output/image_vectors/dixie-paper-products74.jpg.npy,10
output/dixie/output/image_vectors/chinet123.jpg.npy,3
output/dixie/output/image_vectors/chinet146.jpg.npy,7
output/dixie/output/image_vectors/chinet314.jpg.npy,10
output/dixie/output/image_vectors/hefty322.jpg.npy,1
output/dixie/output/image_vectors/hefty334.jpg.npy,17
output/dixie/output/image_vectors/chinet95.jpg.npy,7
output/dixie/output/image_vectors/hefty542.jpg.npy,6
output/dixie/output/image_vectors/chinet135.jpg.npy,3
output/dixie/output/image_vectors/chinet278.jpg.npy,2
output/dixie/output/image_vectors/dixie-paper-products25.jpg.npy,4
output/dixie/output/image_vectors/chinet361.jpg.npy,7
output/dixie/output/image_vectors/chinet86.jpg.npy,17
output/dixie/output/image_vectors/chinet255.jpg.npy,2
output/dixie/output/image_vectors/chinet379.jpg.npy,7
output/dixie/output/image_vectors/hefty54.jpg.npy,19
output/dixie/output/image_vectors/chinet355.jpg.npy,7
output/dixie/output/image_vectors/chinet19.jpg.npy,7
output/dixie/output/image_vectors/dixie-paper-products15.jpg.npy,11
output/dixie/output/image_vectors/hefty139.jpg.npy,13
output/dixie/output/image_vectors/chinet267.jpg.npy,6
output/dixie/output/image_vectors/hefty276.jpg.npy,1
output/dixie/output/image_vectors/hefty173.jpg.npy,10
output/dixie/output/image_vectors/chinet289.jpg.npy,12
output/dixie/output/image_vectors/hefty149.jpg.npy,1
output/dixie/output/image_vectors/hefty137.jpg.npy,7
output/dixie/output/image_vectors/chinet407.jpg.npy,14
output/dixie/output/image_vectors/chinet254.jpg.npy,2
output/dixie/output/image_vectors/hefty109.jpg.npy,8
output/dixie/output/image_vectors/chinet32.jpg.npy,8
output/dixie/output/image_vectors/chinet319.jpg.npy,18
output/dixie/output/image_vectors/dixie-paper-products94.jpg.npy,7
output/dixie/output/image_vectors/hefty154.jpg.npy,9
output/dixie/output/image_vectors/chinet356.jpg.npy,7
output/dixie/output/image_vectors/chinet250.jpg.npy,3
output/dixie/output/image_vectors/chinet256.jpg.npy,7
output/dixie/output/image_vectors/hefty88.jpg.npy,12
output/dixie/output/image_vectors/chinet405.jpg.npy,7
output/dixie/output/image_vectors/chinet406.jpg.npy,2
output/dixie/output/image_vectors/chinet249.jpg.npy,3
output/dixie/output/image_vectors/hefty354.jpg.npy,8
output/dixie/output/image_vectors/hefty9.jpg.npy,19
output/dixie/output/image_vectors/chinet166.jpg.npy,4
output/dixie/output/image_vectors/hefty442.jpg.npy,7
output/dixie/output/image_vectors/hefty92.jpg.npy,16
output/dixie/output/image_vectors/hefty319.jpg.npy,10
output/dixie/output/image_vectors/chinet58.jpg.npy,4
output/dixie/output/image_vectors/chinet142.jpg.npy,7
output/dixie/output/image_vectors/hefty29.jpg.npy,11
output/dixie/output/image_vectors/chinet114.jpg.npy,3
output/dixie/output/image_vectors/chinet17.jpg.npy,7
output/dixie/output/image_vectors/chinet200.jpg.npy,1
output/dixie/output/image_vectors/chinet143.jpg.npy,14
output/dixie/output/image_vectors/chinet210.jpg.npy,4
output/dixie/output/image_vectors/chinet34.jpg.npy,8
output/dixie/output/image_vectors/hefty392.jpg.npy,6
output/dixie/output/image_vectors/chinet315.jpg.npy,10
output/dixie/output/image_vectors/hefty94.jpg.npy,10
output/dixie/output/image_vectors/hefty4.jpg.npy,1
output/dixie/output/image_vectors/hefty480.jpg.npy,10
output/dixie/output/image_vectors/chinet96.jpg.npy,10
output/dixie/output/image_vectors/hefty82.jpg.npy,11
output/dixie/output/image_vectors/hefty419.jpg.npy,7
output/dixie/output/image_vectors/hefty519.jpg.npy,7
output/dixie/output/image_vectors/chinet111.jpg.npy,4
output/dixie/output/image_vectors/dixie-paper-products93.jpg.npy,14
output/dixie/output/image_vectors/hefty431.jpg.npy,12
output/dixie/output/image_vectors/hefty2.jpg.npy,19
output/dixie/output/image_vectors/hefty484.jpg.npy,1
output/dixie/output/image_vectors/chinet118.jpg.npy,2
output/dixie/output/image_vectors/dixie-paper-products59.jpg.npy,4
output/dixie/output/image_vectors/hefty418.jpg.npy,17
output/dixie/output/image_vectors/chinet40.jpg.npy,11
output/dixie/output/image_vectors/hefty528.jpg.npy,10
output/dixie/output/image_vectors/hefty496.jpg.npy,9
output/dixie/output/image_vectors/dixie-paper-products50.jpg.npy,4
output/dixie/output/image_vectors/hefty161.jpg.npy,1
output/dixie/output/image_vectors/chinet35.jpg.npy,8
output/dixie/output/image_vectors/hefty296.jpg.npy,1
output/dixie/output/image_vectors/chinet216.jpg.npy,7
output/dixie/output/image_vectors/chinet376.jpg.npy,17
output/dixie/output/image_vectors/chinet215.jpg.npy,2
output/dixie/output/image_vectors/chinet373.jpg.npy,7
output/dixie/output/image_vectors/hefty207.jpg.npy,6
output/dixie/output/image_vectors/hefty424.jpg.npy,1
output/dixie/output/image_vectors/chinet119.jpg.npy,2
output/dixie/output/image_vectors/chinet351.jpg.npy,8
output/dixie/output/image_vectors/hefty64.jpg.npy,12
output/dixie/output/image_vectors/hefty373.jpg.npy,9
output/dixie/output/image_vectors/chinet28.jpg.npy,8
output/dixie/output/image_vectors/chinet358.jpg.npy,1
output/dixie/output/image_vectors/dixie-paper-products53.jpg.npy,0
output/dixie/output/image_vectors/chinet21.jpg.npy,8
output/dixie/output/image_vectors/hefty389.jpg.npy,10
output/dixie/output/image_vectors/hefty430.jpg.npy,12
output/dixie/output/image_vectors/hefty49.jpg.npy,12
output/dixie/output/image_vectors/hefty156.jpg.npy,13
output/dixie/output/image_vectors/hefty15.jpg.npy,17
output/dixie/output/image_vectors/hefty520.jpg.npy,10
output/dixie/output/image_vectors/chinet167.jpg.npy,3
output/dixie/output/image_vectors/hefty313.jpg.npy,10
output/dixie/output/image_vectors/hefty541.jpg.npy,3
output/dixie/output/image_vectors/chinet106.jpg.npy,3
output/dixie/output/image_vectors/chinet91.jpg.npy,8
output/dixie/output/image_vectors/chinet108.jpg.npy,3
output/dixie/output/image_vectors/hefty421.jpg.npy,10
output/dixie/output/image_vectors/chinet393.jpg.npy,14
output/dixie/output/image_vectors/chinet401.jpg.npy,7
output/dixie/output/image_vectors/hefty534.jpg.npy,10
output/dixie/output/image_vectors/dixie-paper-products12.jpg.npy,7
output/dixie/output/image_vectors/chinet141.jpg.npy,7
